Id;R;RM;Nome;Squadra;Qt.A;Qt.I;Diff.;Qt.A M;Qt.I M;Diff.M;FVM;FVM M
2428;P;Por;Sommer;Inter;17;15;2;17;15;2;120;120
453;P;Por;Szczesny;Juventus;16;15;1;16;15;1;100;100
5841;P;Por;Svilar;Roma;16;1;15;16;1;15;70;70
5876;P;Por;Di Gregorio;Monza;16;12;4;16;12;4;80;80
133;P;Por;Skorupski;Bologna;15;10;5;15;10;5;65;65
2815;P;Por;Terracciano;Fiorentina;15;10;5;15;10;5;65;65
4431;P;Por;Carnesecchi;Atalanta;15;11;4;15;11;4;65;65
2170;P;Por;Milinkovic-Savic V.;Torino;14;10;4;14;10;4;65;65
4360;P;Por;Caprile;Empoli;14;7;7;14;7;7;25;25
572;P;Por;Meret;Napoli;13;17;-4;13;17;-4;55;55
4957;P;Por;Montipo';Verona;13;7;6;13;7;6;20;20
2134;P;Por;Falcone;Lecce;12;8;4;12;8;4;25;25
2814;P;Por;Provedel;Lazio;12;16;-4;12;16;-4;55;55
5116;P;Por;Martinez Jo.;Genoa;12;8;4;12;8;4;40;40
6462;P;Por;Okoye;Udinese;12;1;11;12;1;11;20;20
6482;P;Por;Mandas;Lazio;11;1;10;11;1;10;1;1
4312;P;Por;Maignan;Milan;10;17;-7;10;17;-7;75;75
2722;P;Por;Ravaglia F.;Bologna;9;1;8;9;1;8;1;1
509;P;Por;Consigli;Sassuolo;7;5;2;7;5;2;14;14
574;P;Por;Scuffet;Cagliari;7;1;6;7;1;6;15;15
4270;P;Por;Rui Patricio;Roma;7;14;-7;7;14;-7;5;5
4867;P;Por;Turati;Frosinone;7;5;2;7;5;2;12;12
4;P;Por;Sportiello;Milan;6;1;5;6;1;5;2;2
761;P;Por;Audero;Inter;6;1;5;6;1;5;1;1
2792;P;Por;Musso;Atalanta;5;3;2;5;3;2;5;5
218;P;Por;Perin;Juventus;4;1;3;4;1;3;2;2
2294;P;Por;Cerofolini;Frosinone;4;1;3;4;1;3;1;1
6120;P;Por;Ochoa;Salernitana;4;9;-5;4;9;-5;10;10
316;P;Por;Berisha;Empoli;3;1;2;3;1;2;1;1
511;P;Por;Perilli;Verona;3;1;2;3;1;2;1;1
1926;P;Por;Di Gennaro;Inter;3;1;2;3;1;2;1;1
1930;P;Por;Pinsoglio;Juventus;3;1;2;3;1;2;1;1
2297;P;Por;Rossi F.;Atalanta;3;1;2;3;1;2;1;1
188;P;Por;Leali;Genoa;2;1;1;2;1;1;1;1
610;P;Por;Gollini;Napoli;2;1;1;2;1;1;5;5
1946;P;Por;Aresti;Cagliari;2;1;1;2;1;1;1;1
1947;P;Por;Fiorillo;Salernitana;2;1;1;2;1;1;1;1
2178;P;Por;Cragno;Sassuolo;2;4;-2;2;4;-2;1;1
2211;P;Por;Silvestri;Udinese;2;9;-7;2;9;-7;1;1
5853;P;Por;Sorrentino A.;Monza;2;1;1;2;1;1;1;1
3;P;Por;Radunovic;Cagliari;1;8;-7;1;8;-7;1;1
41;P;Por;Mirante;Milan;1;1;0;1;1;0;1;1
159;P;Por;Sepe;Lazio;1;1;0;1;1;0;1;1
219;P;Por;Sommariva;Genoa;1;1;0;1;1;0;1;1
510;P;Por;Pegolo;Sassuolo;1;1;0;1;1;0;1;1
543;P;Por;Padelli;Udinese;1;1;0;1;1;0;1;1
673;P;Por;Perisan;Empoli;1;2;-1;1;2;-1;1;1
2338;P;Por;Costil;Salernitana;1;1;0;1;1;0;1;1
2799;P;Por;Frattali;Frosinone;1;1;0;1;1;0;1;1
2845;P;Por;Contini;Napoli;1;1;0;1;1;0;1;1
4351;P;Por;Brancolini;Lecce;1;1;0;1;1;0;1;1
4491;P;Por;Berardi A.;Verona;1;1;0;1;1;0;1;1
4525;P;Por;Gemello;Torino;1;1;0;1;1;0;1;1
5304;P;Por;Boer;Roma;1;1;0;1;1;0;1;1
5822;P;Por;Bagnolini;Bologna;1;1;0;1;1;0;1;1
6184;P;Por;Martinelli T.;Fiorentina;1;1;0;1;1;0;1;1
6210;P;Por;Popa;Torino;1;1;0;1;1;0;1;1
6255;P;Por;Gori;Monza;1;1;0;1;1;0;1;1
6403;P;Por;Christensen O.;Fiorentina;1;3;-2;1;3;-2;1;3
6406;P;Por;Borbei;Lecce;1;1;0;1;1;0;1;1
6505;P;Por;Nava;Milan;1;1;0;1;1;0;1;1
6509;P;Por;Gasperini T.;Bologna;1;1;0;1;1;0;1;1
6523;P;Por;Samooja;Lecce;1;1;0;1;1;0;1;1
6569;P;Por;Stolz;Genoa;1;1;0;1;1;0;1;1
254;D;E;Dimarco;Inter;24;19;5;24;18;6;150;150
4433;D;"Dd;Ds;E";Zortea;Frosinone;16;3;13;16;4;12;55;60
5513;D;E;Dumfries;Inter;16;12;4;15;11;4;85;85
2724;D;Dc;Buongiorno;Torino;15;11;4;15;11;4;90;90
4292;D;"Ds;E";Hernandez T.;Milan;15;17;-2;15;17;-2;100;100
513;D;Dc;Acerbi;Inter;14;11;3;14;11;3;90;90
2120;D;Dc;Bastoni;Inter;14;13;1;14;13;1;85;85
2788;D;Dc;Bremer;Juventus;14;13;1;14;13;1;80;80
4887;D;"Dd;E";Bellanova;Torino;14;8;6;14;8;6;65;65
5877;D;E;Carlos Augusto;Inter;14;17;-3;14;17;-3;27;27
2525;D;"Dd;Dc";Darmian;Inter;13;11;2;13;13;0;48;52
4945;D;"Ds;E";Calafiori;Bologna;13;4;9;13;4;9;75;75
5323;D;Dc;Martinez Quarta;Fiorentina;13;6;7;13;6;7;50;45
5514;D;"Ds;Dc";Vasquez;Genoa;13;4;9;13;5;8;17;20
6217;D;Dc;Bisseck;Inter;13;4;9;13;4;9;27;27
2169;D;"Ds;Dc";Rodriguez R.;Torino;12;8;4;11;9;2;25;27
2816;D;"Dd;E";Di Lorenzo;Napoli;12;18;-6;12;18;-6;55;55
4751;D;Dc;Tomori;Milan;12;13;-1;12;13;-1;75;75
5526;D;Dc;Scalvini;Atalanta;12;9;3;12;9;3;40;40
393;D;Dc;Luperto;Empoli;11;8;3;11;8;3;40;40
2296;D;Dc;Mancini;Roma;11;11;0;11;11;0;60;60
4210;D;Dc;Mina;Cagliari;11;8;3;11;8;3;25;25
5867;D;"Dd;E";Gendrey;Lecce;11;6;5;11;6;5;26;30
6066;D;"Dd;Dc";Posch;Bologna;11;16;-5;11;18;-7;35;40
322;D;Dc;De Vrij;Inter;10;6;4;10;6;4;22;22
554;D;E;Zappacosta;Atalanta;10;15;-5;10;14;-4;33;33
1852;D;E;Spinazzola;Roma;10;10;0;10;9;1;20;20
4177;D;"Dd;Dc";Pavard;Inter;10;14;-4;10;15;-5;70;75
4237;D;"Dd;Ds;Dc";Danilo;Juventus;10;15;-5;10;18;-8;42;45
4502;D;"Ds;E";Gallo;Lecce;10;5;5;10;5;5;23;23
5354;D;"Ds;E";Ruggeri;Atalanta;10;3;7;11;4;7;42;42
5520;D;"Dd;Ds;E";Cambiaso;Juventus;10;5;5;10;6;4;46;55
5555;D;"Ds;E";Kamara H.;Udinese;10;6;4;10;6;4;26;26
5831;D;Dc;Gatti;Juventus;10;6;4;10;6;4;52;52
6042;D;Dc;Lucumi';Bologna;10;7;3;10;7;3;23;23
6235;D;"Dd;Ds;E";Kayode;Fiorentina;10;1;9;11;2;9;25;30
252;D;"Ds;E";Biraghi;Fiorentina;9;10;-1;9;10;-1;29;29
327;D;"Dd;Dc";Patric;Lazio;9;5;4;9;6;3;20;20
357;D;"Dd;E";Calabria;Milan;9;9;0;9;9;0;25;25
464;D;"Dd;Ds;E";Florenzi;Milan;9;3;6;9;4;5;5;7
2006;D;"Dd;E";Lirola;Frosinone;9;3;6;9;3;6;13;13
2640;D;"Ds;Dc";Kolasinac;Atalanta;9;9;0;9;10;-1;33;38
4409;D;Dc;Rrahmani;Napoli;9;14;-5;9;14;-5;38;38
4772;D;"Ds;E";Angelino;Roma;9;8;1;9;8;1;33;33
6148;D;"Ds;E";Kristiansen;Bologna;9;6;3;9;6;3;24;24
294;D;Dc;Rugani;Juventus;8;3;5;8;3;5;14;14
487;D;"Dd;E";De Silvestri;Bologna;8;2;6;8;2;6;8;8
787;D;Dc;Djimsiti;Atalanta;8;7;1;8;7;1;33;33
2285;D;Dc;Bani;Genoa;8;3;5;8;3;5;24;24
4385;D;E;Lazaro;Torino;8;4;4;8;4;4;24;24
4401;D;Dc;Gabbia;Milan;8;2;6;8;2;6;18;18
4426;D;"Dd;E";Toljan;Sassuolo;8;6;2;8;6;2;24;24
4461;D;"Dd;E";Zappa;Cagliari;8;6;2;8;6;2;21;21
4904;D;Dc;Mari';Monza;8;9;-1;8;9;-1;26;26
5838;D;"Dd;Ds;E";Birindelli;Monza;8;5;3;8;6;2;13;15
5847;D;Dc;Bijol;Udinese;8;9;-1;8;9;-1;27;27
5856;D;"Dd;E";Sambia;Salernitana;8;4;4;8;4;4;10;10
6202;D;Dc;Beukema;Bologna;8;6;2;8;6;2;40;40
6230;D;Dc;Dossena;Cagliari;8;6;2;8;6;2;25;25
76;D;Dc;Romagnoli S.;Frosinone;7;5;2;7;5;2;13;13
791;D;"Dd;Ds;E";Sabelli;Genoa;7;4;3;7;5;2;18;22
2653;D;"Ds;E";Lykogiannis;Bologna;7;5;2;7;5;2;12;12
2769;D;Dc;Magnani;Verona;7;3;4;7;3;4;10;10
4245;D;Dc;Smalling;Roma;7;15;-8;7;15;-8;20;20
4421;D;"Ds;E";Augello;Cagliari;7;5;2;7;5;2;11;11
4952;D;Dc;Monterisi;Frosinone;7;1;6;7;1;6;22;22
5239;D;Dc;Llorente D.;Roma;7;6;1;7;6;1;22;22
5603;D;Dc;Pongracic;Lecce;7;5;2;7;5;2;23;23
5677;D;Dc;Perez N.;Udinese;7;9;-2;7;9;-2;23;23
5678;D;E;Holm;Atalanta;7;10;-3;7;9;-2;25;25
5982;D;"Dd;E";Spence;Genoa;7;5;2;7;5;2;13;13
6041;D;Dc;Schuurs;Torino;7;14;-7;7;14;-7;10;10
6047;D;"Dd;E";Ehizibue;Udinese;7;5;2;7;5;2;6;6
6257;D;"Ds;E";Dorgu;Lecce;7;1;6;7;1;6;26;26
459;D;Dc;Manolas;Salernitana;6;6;0;6;6;0;12;12
460;D;Dc;Romagnoli;Lazio;6;13;-7;6;13;-7;32;32
2104;D;"Dd;E";Bereszynski;Empoli;6;3;3;6;3;3;11;11
2188;D;"Dd;Ds;E";Marusic;Lazio;6;7;-1;6;8;-2;21;24
2263;D;"Dd;E";Lazzari;Lazio;6;5;1;6;5;1;24;24
2593;D;"Ds;E";Martin;Genoa;6;8;-2;6;8;-2;20;20
4317;D;Dc;N'Dicka;Roma;6;9;-3;6;9;-3;35;35
4378;D;"Ds;Dc";Ranieri L.;Fiorentina;6;5;1;6;6;0;23;28
4530;D;"Ds;E";Kyriakopoulos;Monza;6;9;-3;6;9;-3;17;17
4982;D;Dc;Erlic;Sassuolo;6;5;1;6;5;1;15;15
4994;D;E;Vojvoda;Torino;6;6;0;6;5;1;13;13
5067;D;E;Bakker;Atalanta;6;12;-6;3;11;-8;10;10
5481;D;"Dd;Ds;E";Mazzocchi;Napoli;6;12;-6;7;14;-7;20;25
5527;D;"Dd;E";Zanoli;Salernitana;6;4;2;6;4;2;15;15
5750;D;Dc;Ostigard;Napoli;6;4;2;6;4;2;14;14
5764;D;Dc;Coppola D.;Verona;6;2;4;6;2;4;13;13
5833;D;Dc;Gila;Lazio;6;1;5;6;1;5;23;23
5851;D;"Ds;E";Doig;Sassuolo;6;11;-5;6;11;-5;23;23
5862;D;"Ds;E";Valeri;Frosinone;6;6;0;6;6;0;15;15
6046;D;Dc;Hien;Atalanta;6;8;-2;6;8;-2;28;28
6245;D;"Dd;Dc";Vogliacco;Genoa;6;5;1;6;6;0;4;4
6432;D;"Dd;Ds;E";Pierozzi;Salernitana;6;1;5;6;2;4;8;10
6485;D;Dc;Kristensen T.;Udinese;6;2;4;6;2;4;18;18
49;D;"Ds;Dc";Masina;Torino;5;6;-1;5;7;-2;11;14
697;D;E;Cuadrado;Inter;5;9;-4;5;8;-3;12;12
1895;D;Dc;Ferrari G.;Sassuolo;5;4;1;5;4;1;12;12
2180;D;"Dd;E";Karsdorp;Roma;5;2;3;5;2;3;25;25
2405;D;Dc;Boateng J.;Salernitana;5;7;-2;5;7;-2;13;13
4374;D;Dc;Walukiewicz;Empoli;5;3;2;5;3;2;11;11
4925;D;"Ds;Dc";Carboni A.;Monza;5;3;2;5;4;1;16;17
4958;D;"Ds;Dc";Caldirola;Monza;5;7;-2;5;8;-3;16;18
5010;D;Dc;Ismajli;Empoli;5;5;0;5;5;0;16;16
5332;D;"Ds;E";Bastoni S.;Empoli;5;8;-3;5;8;-3;13;13
5532;D;"Ds;E";Bradaric;Salernitana;5;7;-2;5;7;-2;21;21
5695;D;"Ds;E";Haps;Genoa;5;2;3;5;2;3;8;8
5718;D;Dc;Viti;Sassuolo;5;6;-1;5;6;-1;7;7
5739;D;"Dd;Dc";De Winter;Genoa;5;3;2;5;3;2;15;19
5804;D;"Ds;E";Cacace;Empoli;5;3;2;5;3;2;14;14
5835;D;"Dd;Dc";Baschirotto;Lecce;5;10;-5;5;11;-6;25;27
5840;D;"Ds;E";Olivera;Napoli;5;7;-2;5;7;-2;25;25
6039;D;"Ds;Dc";Cabal;Verona;5;3;2;5;4;1;10;10
6211;D;"Ds;E";Zemura;Udinese;5;5;0;5;5;0;19;19
6433;D;Dc;Huijsen;Roma;5;1;4;5;1;4;23;23
140;D;"Dd;Ds;E";Hysaj;Lazio;4;7;-3;4;8;-4;15;20
226;D;Dc;Izzo;Monza;4;8;-4;4;8;-4;18;18
253;D;"Dd;Ds;Dc";D'Ambrosio;Monza;4;7;-3;4;9;-5;20;20
256;D;"Ds;Dc";Juan Jesus;Napoli;4;5;-1;4;6;-2;20;22
662;D;"Ds;Dc";Alex Sandro;Juventus;4;6;-2;4;7;-3;16;20
695;D;Dc;Toloi;Atalanta;4;9;-5;4;9;-5;13;13
729;D;"Dd;E";Pereira P.;Monza;4;1;3;4;1;3;14;14
2016;D;Dc;Fazio;Salernitana;4;2;2;4;2;2;12;12
2130;D;E;Hateboer;Atalanta;4;7;-3;4;6;-2;15;10
2164;D;Dc;Milenkovic;Fiorentina;4;10;-6;4;10;-6;23;23
2252;D;"Ds;Dc";Marchizza;Frosinone;4;5;-1;4;6;-2;17;20
2633;D;Dc;Kjaer;Milan;4;4;0;4;4;0;18;18
2728;D;"Ds;E";Pellegrini Lu.;Lazio;4;4;0;4;4;0;12;12
4432;D;Dc;Okoli;Frosinone;4;2;2;4;2;2;17;17
4493;D;Dc;Dawidowicz;Verona;4;4;0;4;4;0;14;14
4657;D;"Dd;E";Celik;Roma;4;3;1;4;3;1;7;5
4802;D;"Ds;E";Vinagre;Verona;4;4;0;4;4;0;10;10
4897;D;Dc;Pirola;Salernitana;4;5;-1;4;5;-1;13;13
5449;D;"Ds;E";Parisi;Fiorentina;4;8;-4;4;8;-4;18;18
5812;D;"Dd;E";Terracciano F.;Milan;4;3;1;4;3;1;14;14
5848;D;"Dd;E";Ebosele;Udinese;4;4;0;4;4;0;22;22
6231;D;"Ds;E";Azzi;Cagliari;4;5;-1;4;5;-1;9;9
6256;D;"Dd;E";Ferreira J.;Udinese;4;1;3;4;1;3;12;12
6576;D;"Dd;E";Centonze;Verona;4;4;0;4;4;0;6;6
142;D;"Ds;E";Mario Rui;Napoli;3;10;-7;3;10;-7;25;25
770;D;"Ds;E";Pezzella Giu.;Empoli;3;5;-2;3;5;-2;5;5
2192;D;Dc;Bonifazi;Frosinone;3;3;0;3;3;0;12;12
2869;D;Dc;Djidji;Torino;3;6;-3;3;6;-3;16;16
4976;D;"Dd;Dc";Kalulu;Milan;3;7;-4;3;8;-5;12;12
5498;D;Dc;Casale;Lazio;3;10;-7;3;10;-7;18;18
6055;D;Dc;Thiaw;Milan;3;10;-7;3;10;-7;24;24
6189;D;"Dd;E";Missori;Sassuolo;3;1;2;3;1;2;1;1
6220;D;"Dd;E";Kristensen;Roma;3;9;-6;3;9;-6;15;15
6426;D;"Dd;E";Pedersen;Sassuolo;3;7;-4;3;7;-4;17;17
660;D;Dc;Gyomber;Salernitana;2;6;-4;2;6;-4;11;11
2174;D;"Dd;Ds;E";Venuti;Lecce;2;4;-2;2;5;-3;7;7
4263;D;Dc;Kabasele;Udinese;2;5;-3;2;5;-3;5;5
4934;D;Dc;Lovato;Torino;2;4;-2;2;4;-2;15;15
5406;D;"Dd;E";Di Pardo;Cagliari;2;2;0;2;2;0;3;3
5480;D;"Dd;E";Ebuehi;Empoli;2;11;-9;2;11;-9;13;15
5533;D;"Dd;Ds;Dc";Djalo';Juventus;2;5;-3;4;7;-3;13;18
5701;D;Dc;Obert;Cagliari;2;5;-3;2;5;-3;6;6
5747;D;Dc;Tressoldi;Sassuolo;2;5;-3;2;5;-3;8;8
5757;D;Dc;Cittadini;Genoa;2;3;-1;2;3;-1;8;8
5885;D;"Dd;E";Dodo';Fiorentina;2;8;-6;2;8;-6;15;15
6238;D;"Dd;Ds;Dc";Oyono;Frosinone;2;1;1;2;1;1;14;18
6244;D;Dc;Matturro;Genoa;2;1;1;2;1;1;2;2
6438;D;"Dd;Dc";Hatzidiakos;Cagliari;2;5;-3;2;5;-3;7;7
6444;D;Dc;Bonfanti;Atalanta;2;1;1;2;1;1;1;1
6460;D;Dc;Pellegrino;Salernitana;2;1;1;2;1;1;3;3
6464;D;Dc;Wieteska;Cagliari;2;5;-3;2;5;-3;9;9
6465;D;"Ds;Dc";Touba;Lecce;2;3;-1;2;3;-1;5;5
6496;D;"Ds;E";Bartesaghi;Milan;2;1;1;2;1;1;2;2
6533;D;Dc;Giannetti L.;Udinese;2;4;-2;2;4;-2;24;24
6574;D;Dc;Pasalidis;Salernitana;2;3;-1;2;3;-1;9;9
139;D;Dc;Dermaku;Lecce;1;1;0;1;1;0;1;1
144;D;Dc;Tonelli;Empoli;1;1;0;1;1;0;2;2
358;D;"Dd;Ds;E";De Sciglio;Juventus;1;3;-2;1;3;-2;6;6
581;D;"Dd;E";Faraoni;Fiorentina;1;9;-8;1;9;-8;20;20
2181;D;Dc;Palomino;Atalanta;1;7;-6;1;7;-6;8;8
2446;D;"Dd;Dc";Donati;Monza;1;1;0;1;1;0;3;3
2737;D;Dc;Bettella;Monza;1;1;0;1;1;0;1;1
4495;D;Dc;Kumbulla;Sassuolo;1;3;-2;1;3;-2;13;13
4891;D;Dc;Soumaoro;Bologna;1;4;-3;1;4;-3;5;5
5424;D;"Dd;Dc";Amey;Bologna;1;1;0;1;1;0;1;2
5994;D;"Ds;Dc";Ebosse;Udinese;1;3;-2;1;4;-3;3;4
6021;D;"Dd;Dc";Abankwah;Udinese;1;1;0;1;1;0;1;1
6396;D;Dc;Natan;Napoli;1;9;-8;1;9;-8;13;13
6407;D;"Dd;Ds;E";Corazza;Bologna;1;1;0;1;1;0;5;8
6411;D;Dc;Mateus Lusuardi;Frosinone;1;1;0;1;1;0;1;1
6430;D;Dc;Kalaj;Frosinone;1;1;0;1;1;0;1;1
6474;D;Dc;Sazonov;Torino;1;3;-2;1;3;-2;7;7
6495;D;Dc;Comuzzo;Fiorentina;1;1;0;1;1;0;1;1
6521;D;Dc;Simic J.;Milan;1;1;0;1;1;0;1;1
6531;D;"Dd;Ds;E";Jimenez A.;Milan;1;1;0;1;1;0;5;5
6537;D;"Dd;Dc";Goglichidze;Empoli;1;1;0;1;1;0;1;1
6551;D;Dc;Ilic M.;Bologna;1;3;-2;1;3;-2;5;5
2194;C;"M;C";Calhanoglu;Inter;30;16;14;30;18;12;330;330
5800;C;"T;A";Gudmundsson A.;Genoa;30;14;16;30;13;17;330;330
2423;C;"T;A";Pulisic;Milan;29;18;11;29;17;12;300;300
5685;C;"C;T";Koopmeiners;Atalanta;29;24;5;29;24;5;300;300
5995;C;T;De Ketelaere;Atalanta;26;7;19;26;7;19;270;270
2167;C;W;Orsolini;Bologna;23;21;2;23;20;3;200;200
536;C;W;Politano;Napoli;22;14;8;22;13;9;85;85
5878;C;"C;T";Colpani;Monza;22;9;13;22;9;13;105;105
332;C;W;Candreva;Salernitana;21;15;6;20;14;6;60;60
530;C;"C;T";Pellegrini Lo.;Roma;21;16;5;21;16;5;175;175
2848;C;C;Frattesi;Inter;21;17;4;21;17;4;55;55
367;C;"C;T";Bonaventura;Fiorentina;20;14;6;20;14;6;90;95
2077;C;T;Pasalic;Atalanta;20;14;6;20;13;7;130;130
2085;C;"C;T";Luis Alberto;Lazio;20;21;-1;20;22;-2;80;80
5858;C;"C;T";Ferguson;Bologna;20;17;3;20;18;2;50;50
2529;C;"C;T";Mkhitaryan;Inter;19;13;6;19;13;6;40;40
5119;C;"C;T";Samardzic;Udinese;19;16;3;19;16;3;55;55
6206;C;C;Fabbian;Bologna;19;5;14;19;5;14;45;45
181;C;"M;C";Vecino;Lazio;18;6;12;18;7;11;27;30
5001;C;"T;A";Miranchuk;Atalanta;18;10;8;18;10;8;40;40
5792;C;"C;T";Ederson D.s.;Atalanta;18;10;8;18;10;8;51;51
335;C;"W;A";Felipe Anderson;Lazio;17;23;-6;17;23;-6;49;49
1870;C;C;Barella;Inter;17;20;-3;17;20;-3;57;57
6061;C;"W;T";Oudin;Lecce;17;6;11;17;5;12;30;30
632;C;"W;A";Zaccagni;Lazio;16;28;-12;16;28;-12;120;120
1976;C;"M;C";Mazzitelli;Frosinone;16;4;12;16;5;11;33;38
4199;C;C;Loftus-Cheek;Milan;16;13;3;16;13;3;65;65
4364;C;"C;T";Gaetano;Cagliari;16;3;13;16;3;13;44;44
5791;C;"E;M";Frendrup;Genoa;16;5;11;15;7;8;35;40
302;C;"C;W";Pereyra;Udinese;15;13;2;15;14;1;40;40
440;C;C;Viola;Cagliari;15;2;13;15;2;13;24;26
779;C;"M;C";Cristante;Roma;15;9;6;14;10;4;34;40
2379;C;C;Rabiot;Juventus;15;22;-7;15;22;-7;65;65
4947;C;"M;C";Brescianini;Frosinone;15;5;10;15;6;9;24;29
5919;C;W;Tchaouna;Salernitana;15;3;12;15;2;13;45;45
2741;C;"C;T";Pessina;Monza;14;14;0;14;14;0;43;43
4892;C;W;Saelemaekers;Bologna;14;5;9;14;5;9;42;42
4896;C;"T;A";Maldini;Monza;14;5;9;14;5;9;35;35
6106;C;"T;A";Carboni V.;Monza;14;2;12;14;2;12;24;24
6224;C;"M;C";Reijnders;Milan;14;12;2;14;13;1;28;35
795;C;"W;A";El Shaarawy;Roma;13;16;-3;13;15;-2;39;39
2818;C;"M;C";Bennacer;Milan;13;10;3;13;11;2;30;35
4427;C;T;Malinovskyi;Genoa;13;17;-4;13;16;-3;23;23
4973;C;C;Mckennie;Juventus;13;8;5;13;7;6;45;45
5687;C;"W;T";Vlasic;Torino;13;18;-5;13;19;-6;50;55
5688;C;"M;C";Harroui;Frosinone;13;4;9;13;5;8;25;30
5844;C;"C;T";Thorstvedt;Sassuolo;13;6;7;13;6;7;43;43
6486;C;"C;W;T";Suslov;Verona;13;3;10;14;5;9;40;45
526;C;C;Duncan;Fiorentina;12;5;7;12;4;8;31;31
4285;C;"M;C";Arthur Melo;Fiorentina;12;7;5;12;8;4;26;31
6252;C;"C;T";Folorunsho;Verona;12;2;10;12;2;10;41;41
152;C;"C;T";Zielinski;Napoli;11;20;-9;11;20;-9;30;30
170;C;"M;C";Badelj;Genoa;11;5;6;11;6;5;23;28
1933;C;"M;C";Mandragora;Fiorentina;11;9;2;11;10;1;14;19
2172;C;T;Barak;Fiorentina;11;12;-1;10;11;-1;20;15
4186;C;"C;T";Guendouzi;Lazio;11;13;-2;11;12;-1;29;29
4404;C;"M;C";Thorsby;Genoa;11;9;2;11;11;0;15;20
4514;C;"E;C";Nandez;Cagliari;11;7;4;11;8;3;27;30
5007;C;C;Ilic;Torino;11;12;-1;11;12;-1;20;20
5719;C;"M;C";Asllani;Inter;11;4;7;11;5;6;13;15
6573;C;"C;T";Alcaraz;Juventus;11;14;-3;11;14;-3;27;27
236;C;"E;W";Lazovic;Verona;10;15;-5;10;15;-5;25;25
468;C;"M;C";Paredes;Roma;10;7;3;10;8;2;33;38
788;C;"M;C";Freuler;Bologna;10;7;3;10;8;2;27;32
4142;C;"C;T";Aouar;Roma;10;15;-5;10;15;-5;23;23
4377;C;"C;T";Castrovilli;Fiorentina;10;10;0;10;9;1;20;20
4970;C;W;Messias;Genoa;10;9;1;10;8;2;23;23
5823;C;"T;A";Baldanzi;Roma;10;15;-5;11;14;-3;25;25
6218;C;"W;T;A";Oristanio;Cagliari;10;4;6;10;7;3;26;30
827;C;"M;C";Locatelli;Juventus;9;12;-3;9;13;-4;28;33
2117;C;"C;T";Kastanos;Salernitana;9;7;2;9;7;2;13;13
2392;C;"M;C";Walace;Udinese;9;7;2;9;8;1;22;25
4342;C;"C;T";Duda;Verona;9;6;3;9;6;3;24;24
4856;C;"W;A";Chukwueze;Milan;9;19;-10;9;18;-9;35;35
4988;C;C;Maggiore;Salernitana;9;3;6;9;3;6;18;18
5564;C;"W;A";Ndoye;Bologna;9;12;-3;9;11;-2;29;29
6112;C;W;Iling Junior;Juventus;9;4;5;9;3;6;23;23
6225;C;"M;C";El Azzouzi;Bologna;9;1;8;9;1;8;23;28
22;C;"M;C";De Roon;Atalanta;8;11;-3;8;12;-4;28;33
801;C;"M;C";Gagliardini;Monza;8;6;2;8;7;1;25;30
2839;C;W;Sottil;Fiorentina;8;8;0;8;8;0;21;21
4287;C;"M;C";Lobotka;Napoli;8;13;-5;8;14;-6;30;40
4376;C;C;Zurkowski;Empoli;8;7;1;8;7;1;30;30
4658;C;W;Ikone';Fiorentina;8;13;-5;8;12;-4;27;27
4711;C;"E;W";Kostic;Juventus;8;15;-7;8;15;-7;25;25
4965;C;"M;C";Marin;Empoli;8;8;0;8;9;-1;17;20
5451;C;T;Bajrami;Sassuolo;8;13;-5;8;12;-4;20;20
5511;C;C;Matheus Henrique;Sassuolo;8;9;-1;9;8;1;26;26
5850;C;"C;T";Lovric;Udinese;8;15;-7;8;15;-7;25;25
5948;C;"C;T";Kamada;Lazio;8;15;-7;8;15;-7;37;37
6212;C;C;Zarraga;Udinese;8;3;5;8;3;5;15;15
6458;C;"C;T";Serdar;Verona;8;5;3;8;5;3;15;15
470;C;"M;C";Strootman;Genoa;7;6;1;7;7;0;15;15
4220;C;"M;C";Zambo Anguissa;Napoli;7;14;-7;7;15;-8;22;25
5093;C;"W;T";Reinier;Frosinone;7;8;-1;7;8;-1;22;25
5267;C;"M;C";Racic;Sassuolo;7;4;3;7;5;2;8;10
5397;C;"C;T";Kovalenko;Empoli;7;4;3;7;4;3;12;12
5423;C;C;Bove;Roma;7;5;2;7;5;2;23;23
5453;C;"M;C";Ricci S.;Torino;7;13;-6;7;14;-7;24;29
5784;C;"C;W;T";Aebischer;Bologna;7;5;2;7;5;2;16;16
5875;C;T;Adli;Milan;7;1;6;7;1;6;10;5
5999;C;C;Gonzalez J.;Lecce;7;7;0;7;7;0;17;17
6054;C;"M;C";Moro N.;Bologna;7;6;1;7;6;1;16;20
6424;C;"M;C";Prati;Cagliari;7;2;5;7;3;4;15;15
6481;C;"C;T";Payero;Udinese;7;5;2;7;5;2;34;34
4459;C;"M;C";Rovella;Lazio;6;5;1;6;6;0;23;28
4992;C;"W;A";Gyasi;Empoli;6;8;-2;6;8;-2;18;18
5735;C;T;Volpato;Sassuolo;6;3;3;6;3;3;14;14
5869;C;"M;C";Blin;Lecce;6;6;0;6;6;0;11;11
5992;C;"C;T";Bondo;Monza;6;1;5;6;1;5;1;1
6010;C;"C;T";Fazzini;Empoli;6;6;0;6;6;0;12;12
6024;C;"M;C";Sulemana I.;Cagliari;6;3;3;6;2;4;20;10
6219;C;"M;C";Boloca;Sassuolo;6;6;0;6;7;-1;21;25
6532;C;E;Buchanan;Inter;6;5;1;7;7;0;15;15
6579;C;W;Mitrovic S.;Verona;6;5;1;6;5;1;9;9
333;C;"M;C";Cataldi;Lazio;5;7;-2;5;8;-3;20;25
1871;C;"M;C";Deiola;Cagliari;5;4;1;5;4;1;9;10
1987;C;"E;C";Jankto;Cagliari;5;7;-2;4;8;-4;12;15
2008;C;"M;C";Linetty;Torino;5;5;0;5;6;-1;19;19
2154;C;"W;T";Vignato;Salernitana;5;2;3;5;2;3;3;3
2857;C;"W;T";Traore' Hj.;Napoli;5;7;-2;5;6;-1;21;25
4662;C;"E;W";Weah;Juventus;5;10;-5;5;10;-5;23;23
4890;C;"M;C";Tameze;Torino;5;8;-3;5;9;-4;15;15
5295;C;C;Musah;Milan;5;9;-4;5;9;-4;21;21
5425;C;"C;T";Urbanski;Bologna;5;1;4;5;1;4;22;22
5457;C;C;Maleh;Empoli;5;5;0;5;4;1;15;15
5504;C;"M;C";Coulibaly L.;Salernitana;5;8;-3;5;9;-4;19;22
5998;C;W;Zerbin;Monza;5;1;4;5;1;4;22;22
6175;C;"M;C";Barrenechea;Frosinone;5;2;3;6;3;3;21;25
6222;C;"C;T";Rafia;Lecce;5;3;2;5;3;2;13;13
6394;C;"M;C";Ramadani;Lecce;5;6;-1;6;7;-1;23;28
6480;C;W;Tchatchoua;Verona;5;4;1;5;3;2;15;15
27;C;M;Grassi;Empoli;4;5;-1;4;5;-1;6;8
2543;C;C;Renato Sanches;Roma;4;13;-9;4;13;-9;14;14
4465;C;"C;T";Fagioli;Juventus;4;13;-9;4;13;-9;10;10
5286;C;"M;C";Akpa Akpro;Monza;4;3;1;4;3;1;17;17
5422;C;E;Zalewski;Roma;4;8;-4;4;9;-5;18;18
5813;C;"C;T";Miretti;Juventus;4;5;-1;4;5;-1;23;23
5880;C;"E;W";Ciurria;Monza;4;14;-10;4;15;-11;20;22
6232;C;"M;C";Makoumbou;Cagliari;4;5;-1;4;6;-2;22;25
6241;C;"C;W;T";Gelli;Frosinone;4;1;3;4;1;3;20;20
6402;C;"M;C";Cajuste;Napoli;4;7;-3;4;8;-4;17;20
6423;C;"M;C";Legowski;Salernitana;4;1;3;4;1;3;13;13
6492;C;"C;W;T";Ibrahimovic A.;Frosinone;4;1;3;4;1;3;15;20
6562;C;"M;C";Dani Silva;Verona;4;3;1;4;3;1;5;5
1978;C;"C;T";Sensi;Inter;3;7;-4;3;7;-4;10;10
4182;C;"C;T";Klaassen;Inter;3;9;-6;3;9;-6;18;18
4681;C;"M;C";Lopez M.;Fiorentina;3;8;-5;3;9;-6;17;20
5798;C;"M;C";Bohinen;Genoa;3;4;-1;3;4;-1;10;14
5879;C;"T;A";Vignato S.;Monza;3;1;2;3;1;2;10;10
5949;C;"W;T";Lindstrom;Napoli;3;15;-12;3;15;-12;20;25
6170;C;C;Gineitis;Torino;3;1;2;3;1;2;4;4
6246;C;"M;C";Lipani;Sassuolo;3;1;2;3;1;2;5;5
6410;C;"M;C";Kaba;Lecce;3;5;-2;3;6;-3;18;20
6448;C;T;Martegani;Salernitana;3;4;-1;3;3;0;18;15
694;C;W;Baez;Frosinone;2;3;-1;2;3;-1;14;14
4272;C;M;Dendoncker;Napoli;2;6;-4;2;6;-4;14;14
4349;C;"M;C";Nicolussi Caviglia;Juventus;2;2;0;2;2;0;10;10
4501;C;"M;C";Obiang;Sassuolo;2;3;-1;2;3;-1;3;3
4870;C;"M;C";Adopo;Atalanta;2;2;0;2;2;0;4;5
5674;C;C;Basic;Salernitana;2;4;-2;2;4;-2;23;23
6191;C;"M;C";Belahyane;Verona;2;1;1;2;1;1;1;1
6393;C;"W;T";Infantino;Fiorentina;2;5;-3;2;6;-4;9;12
6420;C;"C;T";Pagano;Roma;2;1;1;2;1;1;1;1
6582;C;"C;W";Gomis I.;Salernitana;2;3;-1;2;3;-1;5;5
26;C;"W;T";Gomez;Monza;1;12;-11;1;11;-10;10;10
65;C;T;Mancosu;Cagliari;1;7;-6;2;6;-4;15;10
303;C;"C;T";Pogba;Juventus;1;12;-11;1;12;-11;10;10
666;C;C;Machin;Monza;1;5;-4;2;4;-2;6;5
2183;C;"W;T";Garritano;Frosinone;1;3;-2;1;3;-2;11;15
2692;C;W;Castillejo;Sassuolo;1;5;-4;1;4;-3;22;22
4725;C;M;Demme;Napoli;1;1;0;1;1;0;8;8
5298;C;C;Pobega;Milan;1;5;-4;1;4;-3;11;11
6190;C;C;Pisilli;Roma;1;1;0;1;1;0;1;1
6203;C;"M;C";Belardinelli;Empoli;1;2;-1;1;2;-1;3;3
6254;C;"M;C";Joselito;Verona;1;1;0;1;1;0;1;1
6507;C;C;Nonge;Juventus;1;1;0;1;1;0;1;1
6563;C;T;Popovic;Monza;1;1;0;1;1;0;5;5
2764;A;Pc;Martinez L.;Inter;41;37;4;41;37;4;450;450
309;A;A;Dybala;Roma;35;30;5;35;30;5;330;330
2137;A;Pc;Scamacca;Atalanta;32;25;7;32;25;7;330;330
4200;A;Pc;Giroud;Milan;31;24;7;31;24;7;320;320
4661;A;Pc;Osimhen;Napoli;31;43;-12;31;43;-12;340;340
4871;A;Pc;Thuram;Inter;31;23;8;31;23;8;320;320
4730;A;A;Lookman;Atalanta;29;26;3;29;26;3;250;250
2841;A;Pc;Vlahovic;Juventus;27;28;-1;27;28;-1;350;350
4510;A;A;Rafael Leao;Milan;27;31;-4;27;31;-4;200;200
608;A;Pc;Zapata D.;Torino;26;19;7;26;19;7;210;210
4179;A;A;Gonzalez N.;Fiorentina;26;15;11;26;15;11;125;125
5086;A;Pc;Zirkzee;Bologna;26;11;15;25;10;15;230;230
2002;A;A;Chiesa;Juventus;25;17;8;25;17;8;100;100
5839;A;A;Kvaratskhelia;Napoli;25;31;-6;25;31;-6;190;190
531;A;A;Berardi;Sassuolo;24;30;-6;24;30;-6;50;50
5734;A;"W;A";Soule';Frosinone;24;4;20;24;5;19;85;85
2531;A;Pc;Lukaku;Roma;23;31;-8;23;31;-8;260;260
6227;A;Pc;Okafor;Milan;21;16;5;21;15;6;35;25
6228;A;Pc;Retegui;Genoa;20;23;-3;20;23;-3;65;55
441;A;Pc;Belotti;Fiorentina;19;9;10;20;8;12;60;50
2038;A;Pc;Pinamonti;Sassuolo;19;13;6;19;12;7;110;110
6145;A;A;Ngonge;Napoli;19;12;7;19;12;7;23;23
6215;A;Pc;Lucca;Udinese;19;6;13;19;5;14;80;70
5297;A;A;Luvumbo;Cagliari;18;8;10;18;8;10;41;41
5471;A;Pc;Djuric;Monza;18;9;9;18;8;10;55;55
6409;A;Pc;Beltran L.;Fiorentina;18;16;2;18;16;2;60;50
6439;A;Pc;Cheddira;Frosinone;18;11;7;18;11;7;42;32
785;A;Pc;Immobile;Lazio;16;32;-16;16;32;-16;150;150
2369;A;A;Thauvin;Udinese;16;11;5;16;11;5;41;41
2475;A;A;Sanchez;Inter;16;15;1;16;15;1;21;21
4268;A;Pc;Arnautovic;Inter;16;23;-7;16;23;-7;35;25
6060;A;A;Lauriente';Sassuolo;15;21;-6;15;21;-6;40;40
4359;A;Pc;Piccoli;Lecce;14;7;7;14;6;8;22;12
4371;A;A;Raspadori;Napoli;14;10;4;14;10;4;25;25
5506;A;A;Ekuban;Genoa;14;1;13;14;1;13;21;11
5795;A;Pc;Azmoun;Roma;14;13;1;13;12;1;27;17
6556;A;"W;A";Noslin;Verona;14;4;10;14;5;9;55;65
382;A;Pc;Niang;Empoli;13;6;7;13;6;7;55;45
2438;A;Pc;Jovic;Milan;13;14;-1;12;13;-1;28;18
4436;A;A;Cambiaghi;Empoli;13;12;1;13;12;1;27;27
5672;A;Pc;Dia;Salernitana;13;26;-13;13;26;-13;10;10
5882;A;A;Mota;Monza;13;11;2;13;11;2;33;33
6164;A;Pc;Vitinha O.;Genoa;13;14;-1;13;14;-1;20;10
6226;A;Pc;Castellanos;Lazio;13;13;0;14;12;2;50;50
479;A;Pc;Sanabria;Torino;12;24;-12;12;24;-12;50;50
2012;A;Pc;Milik;Juventus;12;18;-6;12;17;-5;30;20
5311;A;Pc;Shomurodov;Cagliari;12;13;-1;12;13;-1;22;12
5500;A;A;Cancellieri;Empoli;12;5;7;12;5;7;25;25
6229;A;Pc;Toure' E.;Atalanta;12;16;-4;12;15;-3;30;20
6398;A;A;Isaksen;Lazio;12;12;0;12;12;0;25;25
6434;A;A;Yildiz;Juventus;12;1;11;12;1;11;30;30
6435;A;Pc;Krstovic;Lecce;12;11;1;12;11;1;47;47
2762;A;A;Kouame';Fiorentina;11;9;2;11;9;2;13;13
6207;A;A;Almqvist;Lecce;11;10;1;11;10;1;20;20
537;A;A;Sansone;Lecce;10;7;3;10;7;3;18;18
1939;A;Pc;Lapadula;Cagliari;10;15;-5;10;15;-5;27;17
4923;A;Pc;Colombo;Monza;10;10;0;10;9;1;15;10
6001;A;A;Banda;Lecce;10;8;2;10;8;2;20;20
6580;A;Pc;Swiderski;Verona;10;8;2;10;8;2;26;16
247;A;Pc;Pavoletti;Cagliari;9;4;5;9;3;6;23;13
643;A;A;Defrel;Sassuolo;9;9;0;9;9;0;10;10
505;A;A;Bonazzoli;Verona;8;7;1;8;7;1;26;16
1997;A;Pc;Simy;Salernitana;8;1;7;8;1;7;18;10
2544;A;Pc;Abraham;Roma;8;15;-7;8;15;-7;45;45
2765;A;Pc;Odgaard;Bologna;8;4;4;8;4;4;22;12
5336;A;Pc;Nzola;Fiorentina;8;23;-15;8;23;-15;15;10
306;A;Pc;Cerri;Empoli;7;7;0;7;7;0;13;10
2489;A;A;Pedro;Lazio;7;12;-5;7;12;-5;21;21
2819;A;Pc;Caputo;Empoli;7;15;-8;7;15;-8;20;10
5505;A;Pc;Kaio Jorge;Frosinone;7;1;6;7;1;6;21;11
5637;A;Pc;Davis K.;Udinese;7;10;-3;7;10;-3;20;20
2103;A;Pc;Pellegri;Torino;5;8;-3;5;7;-2;14;10
5515;A;Pc;Okereke;Torino;5;8;-3;5;8;-3;24;24
5529;A;Pc;Henry;Verona;5;12;-7;5;11;-6;15;10
6549;A;A;Pierotti;Lecce;5;2;3;5;2;3;7;7
6572;A;Pc;Castro S.;Bologna;5;4;1;5;4;1;9;9
6584;A;Pc;Weissman;Salernitana;5;4;1;5;4;1;19;10
383;A;Pc;Petagna;Cagliari;4;13;-9;4;13;-9;15;10
2097;A;Pc;Kean;Juventus;4;11;-7;4;10;-6;15;10
5676;A;A;Success;Udinese;4;7;-3;4;7;-3;13;13
6214;A;Pc;Cuni;Frosinone;4;4;0;4;3;1;10;5
6425;A;Pc;Ikwuemesi;Salernitana;4;1;3;4;1;3;14;14
2061;A;Pc;Simeone;Napoli;3;13;-10;3;12;-9;18;10
5806;A;A;Seck;Frosinone;3;3;0;3;3;0;16;20
6213;A;Pc;Brenner;Udinese;3;11;-8;3;10;-7;15;15
472;A;Pc;Destro;Empoli;2;1;1;2;1;1;4;4
1958;A;A;Caprari;Monza;2;14;-12;2;14;-12;15;15
5364;A;A;Caso;Frosinone;2;6;-4;2;6;-4;9;9
6205;A;Pc;Mulattieri;Sassuolo;2;11;-9;2;10;-8;10;5
6395;A;Pc;Shpendi S.;Empoli;2;1;1;2;1;1;8;8
6459;A;A;Karlsson;Bologna;2;11;-9;2;11;-9;12;12
6558;A;A;Tavsan;Verona;2;3;-1;2;3;-1;10;10
2119;A;A;Deulofeu;Udinese;1;14;-13;1;14;-13;12;12
5776;A;A;Ceide;Sassuolo;1;1;0;1;1;0;5;5
6204;A;A;Kvernadze;Frosinone;1;3;-2;1;3;-2;6;6
6242;A;A;Bidaoui;Frosinone;1;1;0;1;1;0;1;1
6418;A;Pc;Burnete;Lecce;1;1;0;1;1;0;2;2
6419;A;A;Corfitzen;Lecce;1;1;0;1;1;0;1;1
6490;A;Pc;Cruz;Verona;1;3;-2;1;3;-2;8;8
6519;A;Pc;Camarda;Milan;1;1;0;1;1;0;1;1
6530;A;"W;A";Ghedjemis;Frosinone;1;1;0;1;1;0;12;13
6565;A;Pc;Ankeye;Genoa;1;2;-1;1;2;-1;5;5
6583;A;A;Kabic;Torino;1;1;0;1;1;0;1;1